Package,GHSA_ID,CVE-ID,Links,Detection_ObjLupAnsys,Detection_ODGen,Detection_Explode.js,Detection_FesaJS
@apollo/gateway 0.6.1,,,,timed out,timed out,TP,TP
@hapi/subtext 7.0.2,,,,timed out,timed out,TP,TP
101 1.6.3,,CVE-2021-25943,https://www.mend.io/vulnerability-database/CVE-2021-25943,FN,FN,TP,TP
algoliasearch-helper 3.6.0,,CVE-2021-23433,https://security.snyk.io/vuln/SNYK-JS-ALGOLIASEARCHHELPER-1570421 https://github.com/advisories/GHSA-vpf5-82c8-9v36,FN,FN,TP,TP
angular 1.7.8,,,https://github.com/angular/angular.js/pull/16913/files,FN,FN,TP,TP
arr-flatten-unflatten 1.1.4,,CVE-2020-7713,https://security.snyk.io/vuln/SNYK-JS-ARRFLATTENUNFLATTEN-598396 https://github.com/advisories/GHSA-w8f3-pvx4-4c3h,374s,119s,TP,TP
asciitable.js 1.0.2,,CVE-2020-7771,https://security.snyk.io/vuln/SNYK-JS-ASCIITABLEJS-1039799 https://github.com/advisories/GHSA-5pxj-mhwj-x5gv,timed out,timed out,TP,TP
assign-deep 0.4.6,,,https://github.com/jonschlinkert/assign-deep/commit/19953a8c089b0328c470acaaaf6accdfcb34da11,FN,FN,TP,TP
assign-deep 0.4.8,,,https://snyk.io/vuln/SNYK-JS-ASSIGNDEEP-450211,2s,9s,TP,TP
assign-deep 1.0.0,,CVE-2019-10745,https://security.snyk.io/vuln/SNYK-JS-ASSIGNDEEP-450211 https://github.com/advisories/GHSA-66rh-8fw6-59q6,2s,6s,TP,TP
aurelia-path 1.1.7,,CVE-2021-41097,https://security.snyk.io/vuln/SNYK-JS-AURELIAPATH-1292346 https://github.com/advisories/GHSA-3c9c-2p65-qvwv,2s,5s,FN,TP
backbone-query-parameters 0.4.0,,CVE-2021-20085,https://github.com/BlackFan/client-side-prototype-pollution/blob/master/pp/backbone-qp.md,timed out,timed out,FN,TP
bmoor 0.8.11,,CVE-2020-7736,https://security.snyk.io/vuln/SNYK-JS-BMOOR-598664 https://github.com/advisories/GHSA-h3rx-g5c9-8q4x,timed out,5s,TP,TP
bodymen 1.0.0,,CVE-2022-25296,https://security.snyk.io/vuln/SNYK-JS-BODYMEN-2342623,FN,FN,FN,FN
cached-path-relative 1.0.1,,,https://hackerone.com/reports/390847,369s,33s,TP,TP
casperjs 1.1.4,GHSA-vhxc-fhm5-qcp9,CVE-2020-7679,https://security.snyk.io/vuln/SNYK-JS-CASPERJS-572803,FN,3s,TP,TP
changeset 0.1.0,,CVE-2021-25915,https://security.snyk.io/vuln/SNYK-JS-CHANGESET-1083989 ,3s,2s,FN,FN
chartkick 3.1.3,,,https://github.com/ankane/chartkick.js/issues/117,FN,FN,TP,TP
component-flatten 1.0.1,,CVE-2019-10794,https://security.snyk.io/vuln/SNYK-JS-COMPONENTFLATTEN-548907 ,FN,FN,TP,TP
confucious 0.0.12,,CVE-2020-7714,https://security.snyk.io/vuln/SNYK-JS-CONFUCIOUS-598665 https://github.com/advisories/GHSA-fmrr-mx6j-h3h5,timed out,61s,TP,TP
connie-lang 0.1.0,,CVE-2020-7706,,2s,2s,TP,TP
convict 6.0.0,,,https://security.snyk.io/vuln/SNYK-JS-CONVICT-1062508 ,1s,1s,TP,TP
convict 6.2.2,,CVE-2022-21190,https://security.snyk.io/vuln/SNYK-JS-CONVICT-2774757,1s,1s,TP,TP
copy-props 2.0.4,,CVE-2020-28503,https://security.snyk.io/vuln/SNYK-JS-COPYPROPS-1082870 https://github.com/advisories/GHSA-897m-rjf5-jp39,timed out,timed out,TP,TP
deap 1.0.0,GHSA-jjf5-wx3j-3fv7,,https://hackerone.com/reports/310446,timed out,timed out,TP,TP
decal 2.0.0,,CVE-2020-28449,https://security.snyk.io/vuln/SNYK-JS-DECAL-1051007 https://github.com/advisories/GHSA-vp77-fqqp-79j8,timed out,timed out,TP,TP
decal 2.1.3,,CVE-2020-28450,https://security.snyk.io/vuln/SNYK-JS-DECAL-1051028 https://github.com/advisories/GHSA-j32x-j8pj-pg2h,113s,63s,TP,TP
deep.assign 0.0.0-alpha.0,,CVE-2021-40663,,timed out,timed out,TP,TP
deep-defaults 1.0.5,,CVE-2021-25944,https://www.whitesourcesoftware.com/vulnerability-database/CVE-2021-25944 ,timed out,timed out,TP,TP
deep-extend 0.5.0,GHSA-3829-mgmw-jcg4,,,"FN, with FP","FN, with FP",TP,TP
deep-get-set 1.1.0,,CVE-2020-7715,https://security.snyk.io/vuln/SNYK-JS-DEEPGETSET-598666 https://github.com/advisories/GHSA-85cp-p426-42f5,FN,FN,TP,TP
deep-get-set 1.1.1,,CVE-2022-21231,https://security.snyk.io/vuln/SNYK-JS-DEEPGETSET-2342655,55s,7s,TP,TP
deephas 1.0.5,,CVE-2020-28271,https://security.snyk.io/vuln/SNYK-JS-DEEPHAS-1039845 https://github.com/advisories/GHSA-4fr2-j4g9-mppf,2s,6s,TP,FN
deeply 3.0.0,GHSA-mjjj-6p43-vhhv,CVE-2019-10750,https://security.snyk.io/vuln/SNYK-JS-DEEPLY-451026 https://github.com/advisories/GHSA-8j4w-5fw4-rm27,2s,7s,TP,TP
deepmergefn 1.1.0,,CVE-2021-23417,https://security.snyk.io/vuln/SNYK-JS-DEEPMERGEFN-1310984 https://github.com/advisories/GHSA-vj72-mwrj-m2xq,FN,FN,TP,TP
deep-override 1.0.0,,CVE-2021-25941,https://security.snyk.io/vuln/SNYK-JS-DEEPOVERRIDE-1292344 https://github.com/advisories/GHSA-v659-54cx-g4qr,6s,59s,TP,TP
deep-override 1.0.1,,CVE-2021-25941,https://github.com/ASaiAnudeep/deep-override/commit/2aced17651fb684959a6e04b1465a8329b3d5268,timed out,4s,TP,TP
deepref 1.1.1,,CVE-2020-28274,https://security.snyk.io/vuln/SNYK-JS-DEEPREF-1049536 https://github.com/advisories/GHSA-7c7g-72q7-4xhm,FN,FN,TP,TP
deeps 1.4.5,,CVE-2020-7716,https://security.snyk.io/vuln/SNYK-JS-DEEPS-598667 https://github.com/advisories/GHSA-rgfv-v3jh-7ffp,FN,FN,TP,TP
deep-set 1.0.0,GHSA-7c7g-72q7-4xhm,CVE-2020-28276,https://security.snyk.io/vuln/SNYK-JS-DEEPSET-1054938 ,FN,FN,TP,TP
deep-setter 1.0.1,,,,101s,74s,TP,TP
defaults-deep 0.2.0,,CVE-2018-3723,https://hackerone.com/reports/310514 https://security.snyk.io/vuln/npm:defaults-deep:20180215 https://github.com/advisories/GHSA-cqp5-m4pq-gfgp,3s,2s,TP,TP
defaults-deep 0.2.3,,,https://hackerone.com/reports/310514,FN,FN,TP,TP
defaults-deep 0.2.4,,,https://hackerone.com/reports/380878,FN,FN,TP,TP
dexie 3.2.1,,CVE-2022-21189,https://security.snyk.io/vuln/SNYK-JAVA-ORGWEBJARSNPM-2805308,FN,FN,TP,TP
doc-path 2.0.0,,CVE-2020-7772,https://security.snyk.io/vuln/SNYK-JS-DOCPATH-1011952 https://github.com/advisories/GHSA-gm8g-xhh8-rmwr,FN,FN,TP,FN
dot-notes 3.2.0,GHSA-3xgx-r9j4-qw9w,CVE-2020-7717,https://security.snyk.io/vuln/SNYK-JS-DOTNOTES-598668 https://github.com/advisories/GHSA-qr4m-jcvc-3382,timed out,timed out,TP,TP
dot-object 2.1.2,,CVE-2019-10793,https://security.snyk.io/vuln/SNYK-JS-DOTOBJECT-548905 ,1s,1s,TP,TP
dot-prop 2.0.0,,CVE-2020-8116,https://security.snyk.io/vuln/SNYK-JS-DOTPROP-543489 https://github.com/advisories/GHSA-ff7x-qrg7-qggm,2s,2s,TP,TP
dot-prop 4.2.0,,,https://hackerone.com/reports/719856,2s,2s,TP,TP
dotty 0.0.1,,CVE-2021-23624,https://security.snyk.io/vuln/SNYK-JS-DOTTY-1577292 https://github.com/advisories/GHSA-6g47-63mv-qpgh,FN,FN,FN,TP
dotty 0.1.0,,CVE-2021-25912,https://www.mend.io/vulnerability-database/CVE-2021-25912,1s,1s,TP,TP
dset 1.0.0,,CVE-2020-28277,https://security.snyk.io/vuln/SNYK-JS-DSET-1054939 ,2s,1s,TP,TP
dset 3.1.1,,CVE-2022-25645,https://security.snyk.io/vuln/SNYK-JS-DSET-2330881,2s,1s,TP,TP
dynamoose 2.6.0,,CVE-2021-21304,https://github.com/dynamoose/dynamoose/commit/324c62b4709204955931a187362f8999805b1d8e,1s,1s,TP,TP
eivindfjeldstad-dot 0.0.1,GHSA-23wx-cgxq-vpwx,CVE-2020-7639,https://security.snyk.io/vuln/SNYK-JS-EIVINDFJELDSTADDOT-564434 ,"FN, with FP","FN, with FP",TP,TP
expand-hash 1.0.1,,CVE-2021-25948,https://security.snyk.io/vuln/SNYK-JS-EXPANDHASH-1303101 https://github.com/advisories/GHSA-x3wr-v4wx-5qpc,FN,timed out,FN,FN
extend 3.0.1,,,https://hackerone.com/reports/381185,1s,1s,TP,TP
extend-merge 1.0.5,,,https://security.snyk.io/vuln/SNYK-JS-EXTENDMERGE-609868 ,FN,1s,TP,TP
fast-json-patch 2.0.4,,,https://security.snyk.io/vuln/SNYK-JS-FASTJSONPATCH-595663 ,7s,4s,TP,TP
field 1.0.1,,CVE-2020-28269,https://security.snyk.io/vuln/SNYK-JS-FIELD-1039884 https://github.com/advisories/GHSA-hm82-qr45-h7mw,2s,2s,TP,TP
flat 5.0.0,,CVE-2021-25927,https://security.snyk.io/vuln/SNYK-JS-FLAT-596927 https://github.com/advisories/GHSA-33rv-m2gp-mm2r,timed out,timed out,FN,FN
flat-wrap 1.0.2,,,,2s,2s,FN,TP
gammautils 0.0.81,,CVE-2020-7718,https://security.snyk.io/vuln/SNYK-JS-GAMMAUTILS-598670 https://github.com/advisories/GHSA-pgmg-gf5p-54j8,timed out,timed out,FN,TP
gedi 1.6.3,,CVE-2020-7727,https://security.snyk.io/vuln/SNYK-JS-GEDI-598803 https://github.com/advisories/GHSA-jh2m-j8pp-55rc,FN,FN,FN,TP
getobject 0.1.0,,CVE-2020-28282,https://security.snyk.io/vuln/SNYK-JS-GETOBJECT-1054932 https://github.com/advisories/GHSA-957j-59c2-j692,33s,34s,FN,TP
getsetdeep 4.12.0,,,,1s,2s,TP,TP
getsetdeep 4.15.0,GHSA-957j-59c2-j692,,https://github.com/advisories/GHSA-8j49-49jq-vwcq ,1s,1s,TP,TP
get-setter 0.0.0,,,,FN,timed out,TP,TP
grunt-util-property 0.0.2,,CVE-2020-7641,https://security.snyk.io/vuln/SNYK-JS-GRUNTUTILPROPERTY-565088 ,FN,timed out,TP,TP
gsap 3.5.1,,CVE-2020-28478,,1s,1s,TP,TP
hoek 5.0.0,,CVE-2018-3728,https://security.snyk.io/vuln/npm:hoek:20180212 https://github.com/advisories/GHSA-jp4x-w63m-7wgm,FN,FN,TP,TP
hoek 5.0.2,,,https://snyk.io/vuln/npm:hoek:20180212,timed out,timed out,TP,TP
immer 8.0.0,,CVE-2020-28477,https://github.com/immerjs/immer/commit/da2bd4fa0edc9335543089fe7d290d6a346c40c5,3s,2s,TP,TP
ini 1.3.5,,CVE-2020-7788,https://security.snyk.io/vuln/SNYK-JS-INI-1048974 https://github.com/advisories/GHSA-qqgx-2p2h-9c37,"FN, with FP","FN, with FP",TP,TP
ini-parser 0.0.2,,,,timed out,timed out,FN,FN
iniparserjs 1.0.4,,CVE-2021-23328,https://security.snyk.io/vuln/SNYK-JS-INIPARSERJS-1065989 https://github.com/advisories/GHSA-2f6g-w5gj-c93h,timed out,timed out,FN,FN
inireader 1.0.0,,,https://security.snyk.io/vuln/SNYK-JS-INIREADER-1054843 ,1s,2s,TP,TP
ion-parser 0.5.2,,CVE-2020-28462,https://security.snyk.io/vuln/SNYK-JS-IONPARSER-1048971 ,3s,3s,TP,TP
jointjs 3.2.0,,CVE-2020-28480,https://security.snyk.io/vuln/SNYK-JAVA-ORGWEBJARSBOWER-1062037 https://security.snyk.io/vuln/SNYK-JAVA-ORGWEBJARSNPM-1062036 https://security.snyk.io/vuln/SNYK-JS-JOINTJS-1024444,"3s, TFP","3s, TFP",TP,TP
jquery 1.11.0,,CVE-2019-11358,https://security.snyk.io/vuln/SNYK-JS-JQUERY-174006 https://github.com/advisories/GHSA-6c3j-c64m-qhgq,FN,FN,TP,TP
js-extend 0.0.1,,CVE-2021-25945,https://security.snyk.io/vuln/SNYK-JS-JSEXTEND-1297101 https://github.com/advisories/GHSA-mh82-55cm-6gfh,timed out,timed out,TP,TP
jsgui-lang-essentials 0.4.3,,CVE-2022-25301,https://security.snyk.io/vuln/SNYK-JS-JSGUILANGESSENTIALS-2316897,timed out,timed out,TP,TP
json8-merge-patch 1.0.1,,CVE-2020-8268,https://security.snyk.io/vuln/SNYK-JS-JSON8MERGEPATCH-1038399 https://github.com/advisories/GHSA-8v9x-9xqg-r8mr,1s,1s,TP,TP
json8-merge-patch 1.0.2,GHSA-p3pg-64pv-v7jg,CVE-2020-8268,https://hackerone.com/reports/980649,FN,FN,TP,TP
json-bigint 0.4.0,,CVE-2020-8237,https://hackerone.com/reports/916430,timed out,timed out,TP,TP
json-pointer 0.6.0,GHSA-8v9x-9xqg-r8mr,CVE-2021-23820,https://security.snyk.io/vuln/SNYK-JS-JSONPOINTER-596925 https://github.com/advisories/GHSA-v5vg-g7rq-363w,timed out,timed out,FN,TP
json-pointer 0.6.1,,CVE-2021-23820,https://security.snyk.io/vuln/SNYK-JS-JSONPOINTER-1577287 https://github.com/advisories/GHSA-v5vg-g7rq-363w,timed out,timed out,FN,TP
jsonpointer 4.0.0,,CVE-2021-23807,https://security.snyk.io/vuln/SNYK-JS-JSONPOINTER-1577288 https://github.com/advisories/GHSA-282f-qqgm-c34q,2s,2s,TP,TP
json-ptr 1.1.0,,CVE-2021-23509,https://security.snyk.io/vuln/SNYK-JS-JSONPTR-1577291 https://github.com/advisories/GHSA-8gwj-8hxc-285w,2s,2s,TP,FN
json-schema 0.3.0,,CVE-2021-3918,https://huntr.dev/bounties/bb6ccd63-f505-4e3a-b55f-cd2662c261a9/ https://github.com/advisories/GHSA-896r-f27r-55mw https://security.snyk.io/vuln/SNYK-JS-JSONSCHEMA-1920922,FN,FN,TP,TP
just-extend 3.0.0,,,https://hackerone.com/reports/430291,10s,timed out,TP,TP
just-safe-set 1.0.0,, CVE-2021-25952,https://security.snyk.io/vuln/SNYK-JS-JUSTSAFESET-1316267 https://github.com/advisories/GHSA-v26w-gcxh-v4r7,timed out,timed out,TP,TP
keyd 1.3.4,,,https://security.snyk.io/vuln/SNYK-JS-KEYD-674472 ,timed out,timed out,TP,TP
keyget 2.2.0,GHSA-v26w-gcxh-v4r7,CVE-2020-28272,https://security.snyk.io/vuln/SNYK-JS-KEYGET-1048048 ,2s,2s,TP,TP
klona 1.1.0,,,,timed out,timed out,FN,FN
libnested 1.5.0,,CVE-2020-28283,https://security.snyk.io/vuln/SNYK-JS-LIBNESTED-1054930 https://github.com/advisories/GHSA-3r9x-mjrm-2725,1s,1s,TP,TP
libnested-1.5.1,,,https://security.snyk.io/vuln/SNYK-JS-LIBNESTED-2342117,timed out,timed out,TP,TP
linux-cmdline 1.0.0,,CVE-2020-7704,https://security.snyk.io/vuln/SNYK-JS-LINUXCMDLINE-598674 ,2s,1s,TP,TP
locutus 2.0.11,GHSA-x5m8-2r8v-8f97,CVE-2020-7719,https://security.snyk.io/vuln/SNYK-JS-LOCUTUS-598675,2s,2s,TP,TP
lodash 4.17.10,,CVE-2019-10744,https://security.snyk.io/vuln/SNYK-JS-LODASH-450202 https://github.com/advisories/GHSA-jf85-cpcp-j695,2s,2s,TP,TP
lodash 4.17.11,,,https://github.com/lodash/lodash/pull/4336/files,FN,FN,FN,TP
lodash 4.17.15,,CVE-2018-3721 ,https://security.snyk.io/vuln/SNYK-JS-LODASH-608086 https://github.com/advisories/GHSA-fvqr-27wr-82fm,timed out,65s,TP,TP
lodash 4.17.4,,,https://github.com/lodash/lodash/commit/d8e069cc3410082e44eb18fcf8e7f3d08ebe1d4a,timed out,timed out,TP,FN
lodash 4.17.9,,CVE-2018-16487,https://hackerone.com/reports/380873 https://security.snyk.io/vuln/SNYK-JS-LODASH-73638 https://github.com/advisories/GHSA-h726-x36v-rx45,timed out,65s,FN,TP
lodash.defaultsdeep 4.6.0,,,https://snyk.io/vuln/SNYK-JS-LODASHDEFAULTSDEEP-450198,timed out,FN,TP,TP
lodash.merge 4.6.0,GHSA-h726-x36v-rx45,,,timed out,timed out,TP,TP
lodash.mergewith 4.6.0,,,,timed out,"FN, crashed",TP,TP
lodash.mergewith 4.6.1,,,https://hackerone.com/reports/380873,timed out,timed out,TP,TP
lutils 2.4.0,,CVE-2021-23396,https://security.snyk.io/vuln/SNYK-JS-LUTILS-1311023,timed out,timed out,TP,TP
lutils-merge 0.2.6,,,https://hackerone.com/reports/439107,timed out,timed out,TP,TP
madlib-object-utils 0.1.6,,CVE-2020-7701,https://security.snyk.io/vuln/SNYK-JS-MADLIBOBJECTUTILS-598676 https://github.com/advisories/GHSA-jvf5-q4h5-2jmj,5s,5s,TP,TP
madlib-object-utils 0.1.7,,CVE-2022-24279,https://security.snyk.io/vuln/SNYK-JS-MADLIBOBJECTUTILS-2388572,2s,2s,TP,TP
mathjs 7.4.0,GHSA-jvf5-q4h5-2jmj,CVE-2020-7743,https://security.snyk.io/vuln/SNYK-JS-MATHJS-1016401 https://github.com/advisories/GHSA-x2fc-mxcx-w4mf,3s,3s,TP,TP
merge 1.2.0,GHSA-pfv6-prqm-85q8,,https://hackerone.com/reports/381194,3s,3s,TP,TP
merge 2.1.0,,CVE-2020-28499,https://security.snyk.io/vuln/SNYK-JS-MERGE-1042987 https://github.com/advisories/GHSA-7wpw-2hjm-89gp,39s,59s,TP,TP
merge-change 1.0.1,,CVE-2021-23421,https://github.com/VladimirShestakov/merge-change/blob/9901f145e06158f284f52de42e6ba5b0f702fb65/utils.js#L89-L123 https://security.snyk.io/vuln/SNYK-JS-MERGECHANGE-1310985,13s,3s,TP,TP
merge-deep 3.0.0,,,https://hackerone.com/reports/310708,timed out,timed out,TP,TP
merge-deep2 3.0.5,,CVE-2021-23700,https://security.snyk.io/vuln/SNYK-JS-MERGEDEEP2-1727593 https://github.com/advisories/GHSA-j28q-p8ww-cp87,1s,3s,TP,TP
merge-objects 1.0.3,,CVE-2018-3753,https://security.snyk.io/vuln/npm:merge-objects:20180415 https://github.com/advisories/GHSA-fp82-2h99-3fpp,timed out,timed out,TP,TP
merge-objects 1.0.5,GHSA-j28q-p8ww-cp87,,,timed out,timed out,TP,TP
merge-options 1.0.0,GHSA-fp82-2h99-3fpp,,,timed out,timed out,TP,TP
merge-recursive 0.0.3,,,,timed out,timed out,TP,TP
mergify 1.0.2,,,https://hackerone.com/reports/439098,timed out,timed out,TP,TP
minimist 1.0.0,,CVE-2020-7598,https://security.snyk.io/vuln/SNYK-JS-MINIMIST-559764 https://github.com/advisories/GHSA-vh95-rmgr-6w4m,timed out,timed out,TP,TP
minimist 1.2.2,,,https://snyk.io/vuln/SNYK-JS-MINIMIST-559764,timed out,128s,TP,TP
mithril 1.0.0,,,https://security.snyk.io/vuln/SNYK-JS-MITHRIL-460113 https://github.com/advisories/GHSA-c3px-v9c7-m734,timed out,3s,TP,TP
mithril 2.0.1,,,https://github.com/MithrilJS/mithril.js/commit/97fa1788c2184ff4b87fd3f558b7003f9eeee2b1,timed out,timed out,FN,TP
mixin-deep 1.3.0,,,https://github.com/jonschlinkert/mixin-deep/commit/8f464c8ce9761a8c9c2b3457eaeee9d404fa7af9,2s,2s,TP,TP
mixin-deep 2.0.0,,CVE-2019-10746,https://security.snyk.io/vuln/SNYK-JS-MIXINDEEP-450212 https://github.com/advisories/GHSA-fhjf-83wg-r2j9,timed out,timed out,TP,TP
mixme 0.5.0,,CVE-2021-29491,https://github.com/adaltas/node-mixme/commit/cfd5fbfc32368bcf7e06d1c5985ea60e34cd4028,FN,FN,TP,TP
mootools 1.5.2,GHSA-fhjf-83wg-r2j9,CVE-2021-23432,https://security.snyk.io/vuln/SNYK-JS-MOOTOOLS-1325536 https://github.com/advisories/GHSA-x6hx-7gh3-3q98,FN,FN,TP,TP
mout 1.0.0,,CVE-2020-7792,https://security.snyk.io/vuln/SNYK-JS-MOUT-1014544 ,timed out,timed out,FN,TP
mout-1.2.3,,CVE-2022-21213,,FN,FN,FN,TP
mpath 0.4.1,,,https://hackerone.com/reports/390860,81s,42s,FN,TP
mquery 3.2.1,GHSA-vvv8-xw5f-3f88,,https://security.snyk.io/vuln/SNYK-JS-MQUERY-1089718 https://github.com/advisories/GHSA-45q2-34rf-mr94,"FN, with FP",timed out,FN,TP
msgpack5 5.2.0,,CVE-2021-21368,https://github.com/advisories/GHSA-gmjw-49p4-pcfm,timed out,timed out,FN,TP
nconf 0.11.3,,CVE-2022-21803,https://security.snyk.io/vuln/SNYK-JS-NCONF-2395478,timed out,timed out,FN,TP
nedb 1.8.0,,CVE-2021-23395,https://security.snyk.io/vuln/SNYK-JS-NEDB-1305279,timed out,timed out,TP,TP
nested-object-assign 1.0.3,GHSA-6xwr-q98w-rvg7,CVE-2021-23329,https://security.snyk.io/vuln/SNYK-JS-NESTEDOBJECTASSIGN-1065977,6s,FN,TP,TP
nestie 1.0.0,,,https://security.snyk.io/vuln/SNYK-JS-NESTIE-1300518 https://github.com/advisories/GHSA-m7rg-8wvq-846v,timed out,timed out,TP,FN
nis-utils 0.6.10,,CVE-2020-7703,https://security.snyk.io/vuln/SNYK-JS-NISUTILS-598799 https://github.com/advisories/GHSA-gr58-j5wh-m333,FN,FN,TP,TP
node.extend 2.0.0,,,https://hackerone.com/reports/430831,FN,FN,TP,TP
node-dig 1.0.1,,,https://security.snyk.io/vuln/SNYK-JS-NODEDIG-1069825 ,3s,2s,TP,TP
nodee-utils 1.2.2,,CVE-2020-7722,https://security.snyk.io/vuln/SNYK-JS-NODEEUTILS-598679 https://github.com/advisories/GHSA-p6jh-p7q8-pcrg,7s,6s,TP,TP
node-forge 0.9.0,,CVE-2020-7720,https://security.snyk.io/vuln/SNYK-JS-NODEFORGE-598677 https://github.com/advisories/GHSA-92xj-mqp7-vmcj,FN,FN,TP,TP
node-oojs 1.4.0,,CVE-2020-7721,https://security.snyk.io/vuln/SNYK-JS-NODEOOJS-598678 https://github.com/advisories/GHSA-j4rw-x3vg-c8r7,4s,4s,TP,TP
notevil 1.3.3,,CVE-2021-23771,https://security.snyk.io/vuln/SNYK-JS-NOTEVIL-2385946,17s,16s,TP,TP
object-collider 1.0.3,,CVE-2021-25914,https://www.mend.io/vulnerability-database/CVE-2021-25914,32s,33s,TP,FN
object-extend 0.5.0,GHSA-8g4m-cjm2-96wq,CVE-2021-23702,https://security.snyk.io/vuln/SNYK-JS-OBJECTEXTEND-2401470,"FN, with FP","FN, with FP",TP,TP
objection 2.0.0,,CVE-2021-3766,https://security.snyk.io/vuln/SNYK-JS-OBJECTION-1582910 https://github.com/advisories/GHSA-r659-8xfp-j327,2s,timed out,TP,TP
object-path 0.11.4,GHSA-m639-9whg-fw97,CVE-2020-15256,https://security.snyk.io/vuln/SNYK-JS-OBJECTPATH-1017036 https://github.com/advisories/GHSA-v39p-96qg-c8rf https://hackerone.com/reports/878332,timed out,timed out,TP,TP
object-path 0.11.4,GHSA-r659-8xfp-j327,CVE-2021-23434,https://security.snyk.io/vuln/SNYK-JS-OBJECTPATH-1569453 https://github.com/advisories/GHSA-v39p-96qg-c8rf,FN,FN,TP,TP
object-path-set 1.0.0,GHSA-v39p-96qg-c8rf,CVE-2020-15256,https://security.snyk.io/vuln/SNYK-JS-OBJECTPATHSET-607908 https://github.com/advisories/GHSA-cwx2-736x-mf6w,3s,2s,TP,TP
objnest 5.0.0,GHSA-v39p-96qg-c8rf,,https://security.snyk.io/vuln/SNYK-JS-OBJNEST-1041787 ,3s,2s,TP,TP
objtools 3.0.0,GHSA-cwx2-736x-mf6w,,https://security.snyk.io/vuln/SNYK-JS-OBJTOOLS-674471 ,1s,2s,TP,TP
objutil 2.17.3,,,https://security.snyk.io/vuln/SNYK-JS-OBJUTIL-559496 ,"FN, with FP","FN, with FP",TP,TP
patchmerge 1.0.0,,CVE-2021-25916,https://security.snyk.io/vuln/SNYK-JS-PATCHMERGE-1086585 https://github.com/advisories/GHSA-84g3-cv89-m9gm,timed out,timed out,TP,TP
patchmerge 1.0.1,,CVE-2021-25916,https://security.snyk.io/vuln/SNYK-JS-PATCHMERGE-1086585 https://github.com/advisories/GHSA-84g3-cv89-m9gm,125s,2s,FN,TP
path 4.6.8,GHSA-84g3-cv89-m9gm,CVE-2020-7708,https://github.com/Irrelon/irrelon-path/commit/8a126b160c1a854ae511659c111413ad9910ebe3,1s,1s,TP,TP
pathval 1.1.0,GHSA-84g3-cv89-m9gm,CVE-2020-7751,https://security.snyk.io/vuln/SNYK-JS-PATHVAL-596926 ,1s,1s,TP,TP
paypal-adaptive 0.4.1,,CVE-2020-7643,https://security.snyk.io/vuln/SNYK-JS-PAYPALADAPTIVE-565089 https://github.com/advisories/GHSA-v3r2-3fp4-rp46,3s,2s,TP,TP
phpjs 1.3.2,GHSA-v3r2-3fp4-rp46,CVE-2020-7700,https://security.snyk.io/vuln/SNYK-JS-PHPJS-598681 https://github.com/advisories/GHSA-m428-jqc4-2p5j,3s,3s,TP,TP
plain-object-merge 1.0.1,GHSA-m428-jqc4-2p5j,,https://security.snyk.io/vuln/SNYK-JS-PLAINOBJECTMERGE-1085643 ,timed out,FN,FN,TP
predefine 0.1.2,,CVE-2020-28280,https://security.snyk.io/vuln/SNYK-JS-PREDEFINE-1054935 https://github.com/advisories/GHSA-mx3x-ghqm-r43h,119s,1s,TP,TP
promisehelpers 0.0.5,,CVE-2020-7723,https://security.snyk.io/vuln/SNYK-JS-PROMISEHELPERS-598686 https://github.com/advisories/GHSA-rj5f-7c8x-gjg4,timed out,timed out,FN,FN
properties-reader 2.0.0,GHSA-rj5f-7c8x-gjg4,CVE-2020-28471,https://security.snyk.io/vuln/SNYK-JS-PROPERTIESREADER-1048968 ,1s,1s,TP,TP
property-expr 2.0.2,,CVE-2020-7707,https://security.snyk.io/vuln/SNYK-JS-PROPERTYEXPR-598800 https://github.com/advisories/GHSA-6fw4-hr69-g3rv,1s,1s,TP,TP
protobufjs 6.11.0,GHSA-6fw4-hr69-g3rv,CVE-2022-25878,https://security.snyk.io/vuln/SNYK-JS-PROTOBUFJS-2441248,2s,2s,TP,TP
putil-merge 3.0.0,GHSA-g954-5hwp-pp24, CVE-2021-25953,https://security.snyk.io/vuln/SNYK-JS-PUTILMERGE-1317077 https://github.com/advisories/GHSA-9x7m-9hpg-xxmw,timed out,timed out,TP,TP
qs 6.2.2,GHSA-9x7m-9hpg-xxmw,,,timed out,timed out,TP,TP
querymen 2.1.3,,CVE-2020-7600,https://security.snyk.io/vuln/SNYK-JS-QUERYMEN-559867 https://github.com/advisories/GHSA-2cf2-2383-h4jv,10s,8s,TP,TP
querymen 2.1.4,,CVE-2022-25871,https://security.snyk.io/vuln/SNYK-JS-QUERYMEN-2391488,4s,4s,FN,TP
rdf-graph-array 0.3.0,,CVE-2019-10798,https://security.snyk.io/vuln/SNYK-JS-RDFGRAPHARRAY-551803 https://github.com/advisories/GHSA-prv2-xwr7-hr57,"FN, with FP","FN, with FP",TP,TP
reggae 0.0.1,GHSA-prv2-xwr7-hr57,,,"FN, with FP","FN, with FP",TP,TP
rfc6902 4.0.2,,,https://security.snyk.io/vuln/SNYK-JS-RFC6902-1053318 ,1s,1s,TP,TP
safe-flat 2.0.0,,CVE-2021-25927,https://security.snyk.io/vuln/SNYK-JS-SAFEFLAT-1277112 https://github.com/advisories/GHSA-33rv-m2gp-mm2r,"FN, with FP","FN, with FP",TP,TP
safe-obj 1.0.0,GHSA-33rv-m2gp-mm2r,CVE-2021-25928,https://security.snyk.io/vuln/SNYK-JS-SAFEOBJ-1277111 https://github.com/advisories/GHSA-wpgh-hmv4-r3v5,FN,FN,TP,TP
safe-object2 1.0.3,GHSA-wpgh-hmv4-r3v5,CVE-2020-7726,https://security.snyk.io/vuln/SNYK-JS-SAFEOBJECT2-598801,timed out,timed out,TP,TP
safetydance 1.1.1,,CVE-2020-7737,https://security.snyk.io/vuln/SNYK-JS-SAFETYDANCE-598687,FN,FN,TP,TP
safetydance 2.0.1,GHSA-6m85-wvcr-pgw3,CVE-2020-7737,https://security.snyk.io/vuln/SNYK-JS-SAFETYDANCE-598687 ,2s,12s,FN,TP
sahmat 1.0.1,,,,2s,13s,TP,TP
sds 3.2.0,,,https://github.com/418sec/sds/pull/1/commits/71009613b5b50b6bb3a00b6cfbc643fe82f23ca7,FN,FN,TP,TP
sds 4.4.0,,CVE-2022-25862,https://security.snyk.io/vuln/SNYK-JS-SDS-2385944,timed out,timed out,TP,TP
set-1.0.0,GHSA-ph28-wwfj-fv7f,CVE-2020-28267,https://www.mend.io/vulnerability-database/CVE-2020-28267,timed out,timed out,TP,TP
set-deep-prop 1.0.0,,CVE-2021-23373,https://security.snyk.io/vuln/SNYK-JS-SETDEEPPROP-1083231 ,timed out,FN,TP,TP
set-getter 0.1.0,,CVE-2021-25949,https://www.mend.io/vulnerability-database/CVE-2021-25949,2s,2s,TP,TP
set-in 2.0.0,,CVE-2020-28273,https://github.com/ahdinosaur/set-in/commit/e431effa00195a6f06b111e09733cd1445a91a88,FN,FN,TP,TP
set-in 2.0.1,,CVE-2022-25354,https://security.snyk.io/vuln/SNYK-JS-SETIN-2388571,2s,2s,TP,TP
set-object-value 0.0.5,GHSA-6956-83fg-5wc5,CVE-2020-28281,https://security.snyk.io/vuln/SNYK-JS-SETOBJECTVALUE-1054931 https://github.com/advisories/GHSA-4jj4-m52p-8rx3,2s,2s,TP,TP
set-value 3.0.0,GHSA-4jj4-m52p-8rx3,,,2s,2s,FN,TP
shvl 2.0.1,,,https://security.snyk.io/vuln/SNYK-JS-SHVL-1085284 ,2s,2s,TP,TP
simpl-schema 1.10.0,,CVE-2020-7742,https://security.snyk.io/vuln/SNYK-JS-SIMPLSCHEMA-1016157 https://github.com/advisories/GHSA-9mx2-prfp-8hqp,FN,FN,TP,TP
smart-extend 1.7.4,,,https://hackerone.com/reports/438274,timed out,timed out,FN,TP
style-dictionary 2.10.2,,,https://security.snyk.io/vuln/SNYK-JS-STYLEDICTIONARY-1080632 ,"4s, TFP",timed out,TP,TP
supermixer 1.0.3,,CVE-2020-24939,https://security.snyk.io/vuln/SNYK-JS-SUPERMIXER-607909 https://github.com/advisories/GHSA-7prf-vw4p-qr59,timed out,4s,TP,TP
swiper 6.5.0,,CVE-2021-23370,https://security.snyk.io/vuln/SNYK-JS-SWIPER-1088062 https://github.com/advisories/GHSA-p3hc-fv2j-rp68,timed out,timed out,TP,TP
think-config 1.0.0,,,https://github.com/advisories/GHSA-6cj2-92m5-7mvp https://security.snyk.io/vuln/SNYK-JS-THINKCONFIG-1536566,timed out,timed out,FN,TP
think-helper 1.1.0,,CVE-2021-32736,https://security.snyk.io/vuln/SNYK-JS-THINKHELPER-1315383 https://github.com/advisories/GHSA-vr5m-3h59-7jcp,FN,FN,TP,TP
tiny-conf 1.1.0,,CVE-2020-7724,https://security.snyk.io/vuln/SNYK-JS-TINYCONF-598792 https://github.com/advisories/GHSA-4q97-fh3f-j294,timed out,timed out,TP,TP
total.js 3.4.6,,CVE-2020-28495,https://security.snyk.io/vuln/SNYK-JS-TOTALJS-1046671,2s,2s,FN,FN
typeorm 0.2.24,,CVE-2020-8158,https://hackerone.com/reports/869574,timed out,timed out,TP,TP
undefsafe 2.0.2,,CVE-2019-10795,https://security.snyk.io/vuln/SNYK-JS-UNDEFSAFE-548940 ,timed out,timed out,TP,TP
util 0.3.3,,CVE-2020-7765,https://security.snyk.io/vuln/SNYK-JS-FIREBASEUTIL-1038324,timed out,timed out,TP,TP
utilitify 1.0.2,,CVE-2019-10808,https://security.snyk.io/vuln/SNYK-JS-UTILITIFY-559497,61s,FN,TP,TP
utils-extend 1.0.8,,,https://hackerone.com/reports/801522,94s,timed out,TP,TP
vega-util 1.13.0,,CVE-2019-10806,https://security.snyk.io/vuln/SNYK-JS-VEGAUTIL-559223 https://github.com/advisories/GHSA-6hwh-rqwf-cxxr,timed out,timed out,FN,FN
worksmith 1.0.0,,CVE-2020-7725,https://security.snyk.io/vuln/SNYK-JS-WORKSMITH-598798 https://github.com/advisories/GHSA-9829-jj5p-j6hf,2s,1s,TP,TP
x-assign 0.1.4,,CVE-2021-23452,https://security.snyk.io/vuln/SNYK-JS-XASSIGN-1759314 https://github.com/advisories/GHSA-4mvj-rq4v-2fxw,FN,FN,TP,TP
y18n 3.2.1,,CVE-2020-7774,https://security.snyk.io/vuln/SNYK-JS-Y18N-1021887 https://github.com/advisories/GHSA-c4w7-xm78-47vh,FN,FN,TP,TP
y18n 5.0.4,,CVE-2020-7774,https://security.snyk.io/vuln/SNYK-JS-Y18N-1021887,FN,FN,TP,TP
yargs-parser 6.0.0,,CVE-2020-7608,https://security.snyk.io/vuln/SNYK-JS-YARGSPARSER-560381 https://github.com/advisories/GHSA-p9pc-299p-vxgp,timed out,timed out,TP,TP