Package,CVE-ID,Links
just-safe-set 1.0.0, CVE-2021-25952,https://security.snyk.io/vuln/SNYK-JS-JUSTSAFESET-1316267 https://github.com/advisories/GHSA-v26w-gcxh-v4r7
putil-merge 3.0.0, CVE-2021-25953,https://security.snyk.io/vuln/SNYK-JS-PUTILMERGE-1317077 https://github.com/advisories/GHSA-9x7m-9hpg-xxmw
lodash 4.17.9,CVE-2018-16487,https://hackerone.com/reports/380873 https://security.snyk.io/vuln/SNYK-JS-LODASH-73638 https://github.com/advisories/GHSA-h726-x36v-rx45
lodash 4.17.15,CVE-2018-3721 ,https://security.snyk.io/vuln/SNYK-JS-LODASH-608086 https://github.com/advisories/GHSA-fvqr-27wr-82fm
defaults-deep 0.2.0,CVE-2018-3723,https://hackerone.com/reports/310514 https://security.snyk.io/vuln/npm:defaults-deep:20180215 https://github.com/advisories/GHSA-cqp5-m4pq-gfgp
hoek 5.0.0,CVE-2018-3728,https://security.snyk.io/vuln/npm:hoek:20180212 https://github.com/advisories/GHSA-jp4x-w63m-7wgm
merge-objects 1.0.3,CVE-2018-3753,https://security.snyk.io/vuln/npm:merge-objects:20180415 https://github.com/advisories/GHSA-fp82-2h99-3fpp
lodash 4.17.10,CVE-2019-10744,https://security.snyk.io/vuln/SNYK-JS-LODASH-450202 https://github.com/advisories/GHSA-jf85-cpcp-j695
assign-deep 1.0.0,CVE-2019-10745,https://security.snyk.io/vuln/SNYK-JS-ASSIGNDEEP-450211 https://github.com/advisories/GHSA-66rh-8fw6-59q6
mixin-deep 2.0.0,CVE-2019-10746,https://security.snyk.io/vuln/SNYK-JS-MIXINDEEP-450212 https://github.com/advisories/GHSA-fhjf-83wg-r2j9
deeply 3.0.0,CVE-2019-10750,https://security.snyk.io/vuln/SNYK-JS-DEEPLY-451026 https://github.com/advisories/GHSA-8j4w-5fw4-rm27
dot-object 2.1.2,CVE-2019-10793,https://security.snyk.io/vuln/SNYK-JS-DOTOBJECT-548905 
component-flatten 1.0.1,CVE-2019-10794,https://security.snyk.io/vuln/SNYK-JS-COMPONENTFLATTEN-548907 
undefsafe 2.0.2,CVE-2019-10795,https://security.snyk.io/vuln/SNYK-JS-UNDEFSAFE-548940 
rdf-graph-array 0.3.0,CVE-2019-10798,https://security.snyk.io/vuln/SNYK-JS-RDFGRAPHARRAY-551803 https://github.com/advisories/GHSA-prv2-xwr7-hr57
vega-util 1.13.0,CVE-2019-10806,https://security.snyk.io/vuln/SNYK-JS-VEGAUTIL-559223 https://github.com/advisories/GHSA-6hwh-rqwf-cxxr
vega-util 1.13.0,CVE-2019-10806,https://security.snyk.io/vuln/SNYK-JS-VEGAUTIL-559223
utilitify 1.0.2,CVE-2019-10808,https://security.snyk.io/vuln/SNYK-JS-UTILITIFY-559497
jquery 1.11.0,CVE-2019-11358,https://security.snyk.io/vuln/SNYK-JS-JQUERY-174006 https://github.com/advisories/GHSA-6c3j-c64m-qhgq
object-path-set 1.0.0,CVE-2020-15256,https://security.snyk.io/vuln/SNYK-JS-OBJECTPATHSET-607908 https://github.com/advisories/GHSA-cwx2-736x-mf6w
object-path 0.11.4,CVE-2020-15256,https://security.snyk.io/vuln/SNYK-JS-OBJECTPATH-1017036 https://github.com/advisories/GHSA-v39p-96qg-c8rf https://hackerone.com/reports/878332
supermixer 1.0.3,CVE-2020-24939,https://security.snyk.io/vuln/SNYK-JS-SUPERMIXER-607909 https://github.com/advisories/GHSA-7prf-vw4p-qr59
set-1.0.0,CVE-2020-28267,https://www.mend.io/vulnerability-database/CVE-2020-28267
field 1.0.1,CVE-2020-28269,https://security.snyk.io/vuln/SNYK-JS-FIELD-1039884 https://github.com/advisories/GHSA-hm82-qr45-h7mw
deephas 1.0.5,CVE-2020-28271,https://security.snyk.io/vuln/SNYK-JS-DEEPHAS-1039845 https://github.com/advisories/GHSA-4fr2-j4g9-mppf
keyget 2.2.0,CVE-2020-28272,https://security.snyk.io/vuln/SNYK-JS-KEYGET-1048048 
set-in 2.0.0,CVE-2020-28273,https://github.com/ahdinosaur/set-in/commit/e431effa00195a6f06b111e09733cd1445a91a88
deepref 1.1.1,CVE-2020-28274,https://security.snyk.io/vuln/SNYK-JS-DEEPREF-1049536 https://github.com/advisories/GHSA-7c7g-72q7-4xhm
deep-set 1.0.0,CVE-2020-28276,https://security.snyk.io/vuln/SNYK-JS-DEEPSET-1054938 
dset 1.0.0,CVE-2020-28277,https://security.snyk.io/vuln/SNYK-JS-DSET-1054939 
predefine 0.1.2,CVE-2020-28280,https://security.snyk.io/vuln/SNYK-JS-PREDEFINE-1054935 https://github.com/advisories/GHSA-mx3x-ghqm-r43h
set-object-value 0.0.5,CVE-2020-28281,https://security.snyk.io/vuln/SNYK-JS-SETOBJECTVALUE-1054931 https://github.com/advisories/GHSA-4jj4-m52p-8rx3
getobject 0.1.0,CVE-2020-28282,https://security.snyk.io/vuln/SNYK-JS-GETOBJECT-1054932 https://github.com/advisories/GHSA-957j-59c2-j692
libnested 1.5.0,CVE-2020-28283,https://security.snyk.io/vuln/SNYK-JS-LIBNESTED-1054930 https://github.com/advisories/GHSA-3r9x-mjrm-2725
decal 2.0.0,CVE-2020-28449,https://security.snyk.io/vuln/SNYK-JS-DECAL-1051007 https://github.com/advisories/GHSA-vp77-fqqp-79j8
decal 2.1.3,CVE-2020-28450,https://security.snyk.io/vuln/SNYK-JS-DECAL-1051028 https://github.com/advisories/GHSA-j32x-j8pj-pg2h
ion-parser 0.5.2,CVE-2020-28462,https://security.snyk.io/vuln/SNYK-JS-IONPARSER-1048971 
properties-reader 2.0.0,CVE-2020-28471,https://security.snyk.io/vuln/SNYK-JS-PROPERTIESREADER-1048968 
immer 8.0.0,CVE-2020-28477,https://github.com/immerjs/immer/commit/da2bd4fa0edc9335543089fe7d290d6a346c40c5
gsap 3.5.1,CVE-2020-28478,
jointjs 3.2.0,CVE-2020-28480,https://security.snyk.io/vuln/SNYK-JAVA-ORGWEBJARSBOWER-1062037 https://security.snyk.io/vuln/SNYK-JAVA-ORGWEBJARSNPM-1062036 https://security.snyk.io/vuln/SNYK-JS-JOINTJS-1024444
total.js 3.4.6,CVE-2020-28495,https://security.snyk.io/vuln/SNYK-JS-TOTALJS-1046671
merge 2.1.0,CVE-2020-28499,https://security.snyk.io/vuln/SNYK-JS-MERGE-1042987 https://github.com/advisories/GHSA-7wpw-2hjm-89gp
copy-props 2.0.4,CVE-2020-28503,https://security.snyk.io/vuln/SNYK-JS-COPYPROPS-1082870 https://github.com/advisories/GHSA-897m-rjf5-jp39
minimist 1.0.0,CVE-2020-7598,https://security.snyk.io/vuln/SNYK-JS-MINIMIST-559764 https://github.com/advisories/GHSA-vh95-rmgr-6w4m
querymen 2.1.3,CVE-2020-7600,https://security.snyk.io/vuln/SNYK-JS-QUERYMEN-559867 https://github.com/advisories/GHSA-2cf2-2383-h4jv
yargs-parser 6.0.0,CVE-2020-7608,https://security.snyk.io/vuln/SNYK-JS-YARGSPARSER-560381 https://github.com/advisories/GHSA-p9pc-299p-vxgp
eivindfjeldstad-dot 0.0.1,CVE-2020-7639,https://security.snyk.io/vuln/SNYK-JS-EIVINDFJELDSTADDOT-564434 
grunt-util-property 0.0.2,CVE-2020-7641,https://security.snyk.io/vuln/SNYK-JS-GRUNTUTILPROPERTY-565088 
paypal-adaptive 0.4.1,CVE-2020-7643,https://security.snyk.io/vuln/SNYK-JS-PAYPALADAPTIVE-565089 https://github.com/advisories/GHSA-v3r2-3fp4-rp46
casperjs 1.1.4,CVE-2020-7679,https://security.snyk.io/vuln/SNYK-JS-CASPERJS-572803
phpjs 1.3.2,CVE-2020-7700,https://security.snyk.io/vuln/SNYK-JS-PHPJS-598681 https://github.com/advisories/GHSA-m428-jqc4-2p5j
madlib-object-utils 0.1.6,CVE-2020-7701,https://security.snyk.io/vuln/SNYK-JS-MADLIBOBJECTUTILS-598676 https://github.com/advisories/GHSA-jvf5-q4h5-2jmj
nis-utils 0.6.10,CVE-2020-7703,https://security.snyk.io/vuln/SNYK-JS-NISUTILS-598799 https://github.com/advisories/GHSA-gr58-j5wh-m333
linux-cmdline 1.0.0,CVE-2020-7704,https://security.snyk.io/vuln/SNYK-JS-LINUXCMDLINE-598674 
connie-lang 0.1.0,CVE-2020-7706,
property-expr 2.0.2,CVE-2020-7707,https://security.snyk.io/vuln/SNYK-JS-PROPERTYEXPR-598800 https://github.com/advisories/GHSA-6fw4-hr69-g3rv
property-expr 2.0.2,CVE-2020-7707,https://security.snyk.io/vuln/SNYK-JAVA-ORGWEBJARSNPM-598857
path 4.6.8,CVE-2020-7708,https://github.com/Irrelon/irrelon-path/commit/8a126b160c1a854ae511659c111413ad9910ebe3
arr-flatten-unflatten 1.1.4,CVE-2020-7713,https://security.snyk.io/vuln/SNYK-JS-ARRFLATTENUNFLATTEN-598396 https://github.com/advisories/GHSA-w8f3-pvx4-4c3h
confucious 0.0.12,CVE-2020-7714,https://security.snyk.io/vuln/SNYK-JS-CONFUCIOUS-598665 https://github.com/advisories/GHSA-fmrr-mx6j-h3h5
deep-get-set 1.1.0,CVE-2020-7715,https://security.snyk.io/vuln/SNYK-JS-DEEPGETSET-598666 https://github.com/advisories/GHSA-85cp-p426-42f5
deeps 1.4.5,CVE-2020-7716,https://security.snyk.io/vuln/SNYK-JS-DEEPS-598667 https://github.com/advisories/GHSA-rgfv-v3jh-7ffp
dot-notes 3.2.0,CVE-2020-7717,https://security.snyk.io/vuln/SNYK-JS-DOTNOTES-598668 https://github.com/advisories/GHSA-qr4m-jcvc-3382
gammautils 0.0.81,CVE-2020-7718,https://security.snyk.io/vuln/SNYK-JS-GAMMAUTILS-598670 https://github.com/advisories/GHSA-pgmg-gf5p-54j8
locutus 2.0.11,CVE-2020-7719,https://security.snyk.io/vuln/SNYK-JS-LOCUTUS-598675
node-forge 0.9.0,CVE-2020-7720,https://security.snyk.io/vuln/SNYK-JS-NODEFORGE-598677 https://github.com/advisories/GHSA-92xj-mqp7-vmcj
node-oojs 1.4.0,CVE-2020-7721,https://security.snyk.io/vuln/SNYK-JS-NODEOOJS-598678 https://github.com/advisories/GHSA-j4rw-x3vg-c8r7
nodee-utils 1.2.2,CVE-2020-7722,https://security.snyk.io/vuln/SNYK-JS-NODEEUTILS-598679 https://github.com/advisories/GHSA-p6jh-p7q8-pcrg
promisehelpers 0.0.5,CVE-2020-7723,https://security.snyk.io/vuln/SNYK-JS-PROMISEHELPERS-598686 https://github.com/advisories/GHSA-rj5f-7c8x-gjg4
tiny-conf 1.1.0,CVE-2020-7724,https://security.snyk.io/vuln/SNYK-JS-TINYCONF-598792 https://github.com/advisories/GHSA-4q97-fh3f-j294
tiny-conf 1.1.0,CVE-2020-7724,https://security.snyk.io/vuln/SNYK-JS-TINYCONF-598792
worksmith 1.0.0,CVE-2020-7725,https://security.snyk.io/vuln/SNYK-JS-WORKSMITH-598798 https://github.com/advisories/GHSA-9829-jj5p-j6hf
safe-object2 1.0.3,CVE-2020-7726,https://security.snyk.io/vuln/SNYK-JS-SAFEOBJECT2-598801
gedi 1.6.3,CVE-2020-7727,https://security.snyk.io/vuln/SNYK-JS-GEDI-598803 https://github.com/advisories/GHSA-jh2m-j8pp-55rc
bmoor 0.8.11,CVE-2020-7736,https://security.snyk.io/vuln/SNYK-JS-BMOOR-598664 https://github.com/advisories/GHSA-h3rx-g5c9-8q4x
safetydance 2.0.1,CVE-2020-7737,https://security.snyk.io/vuln/SNYK-JS-SAFETYDANCE-598687 
safetydance 1.1.1,CVE-2020-7737,https://security.snyk.io/vuln/SNYK-JS-SAFETYDANCE-598687
simpl-schema 1.10.0,CVE-2020-7742,https://security.snyk.io/vuln/SNYK-JS-SIMPLSCHEMA-1016157 https://github.com/advisories/GHSA-9mx2-prfp-8hqp
mathjs 7.4.0,CVE-2020-7743,https://security.snyk.io/vuln/SNYK-JS-MATHJS-1016401 https://github.com/advisories/GHSA-x2fc-mxcx-w4mf
pathval 1.1.0,CVE-2020-7751,https://security.snyk.io/vuln/SNYK-JS-PATHVAL-596926 
util 0.3.3,CVE-2020-7765,https://security.snyk.io/vuln/SNYK-JS-FIREBASEUTIL-1038324
asciitable.js 1.0.2,CVE-2020-7771,https://security.snyk.io/vuln/SNYK-JS-ASCIITABLEJS-1039799 https://github.com/advisories/GHSA-5pxj-mhwj-x5gv
doc-path 2.0.0,CVE-2020-7772,https://security.snyk.io/vuln/SNYK-JS-DOCPATH-1011952 https://github.com/advisories/GHSA-gm8g-xhh8-rmwr
y18n 5.0.4,CVE-2020-7774,https://security.snyk.io/vuln/SNYK-JS-Y18N-1021887
y18n 3.2.1,CVE-2020-7774,https://security.snyk.io/vuln/SNYK-JS-Y18N-1021887 https://github.com/advisories/GHSA-c4w7-xm78-47vh
ini 1.3.5,CVE-2020-7788,https://security.snyk.io/vuln/SNYK-JS-INI-1048974 https://github.com/advisories/GHSA-qqgx-2p2h-9c37
mout 1.0.0,CVE-2020-7792,https://security.snyk.io/vuln/SNYK-JS-MOUT-1014544 
dot-prop 2.0.0,CVE-2020-8116,https://security.snyk.io/vuln/SNYK-JS-DOTPROP-543489 https://github.com/advisories/GHSA-ff7x-qrg7-qggm
typeorm 0.2.24,CVE-2020-8158,https://hackerone.com/reports/869574
json-bigint 0.4.0,CVE-2020-8237,https://hackerone.com/reports/916430
json8-merge-patch 1.0.2,CVE-2020-8268,https://hackerone.com/reports/980649
json8-merge-patch 1.0.1,CVE-2020-8268,https://security.snyk.io/vuln/SNYK-JS-JSON8MERGEPATCH-1038399 https://github.com/advisories/GHSA-8v9x-9xqg-r8mr
backbone-query-parameters 0.4.0,CVE-2021-20085,https://github.com/BlackFan/client-side-prototype-pollution/blob/master/pp/backbone-qp.md
dynamoose 2.6.0,CVE-2021-21304,https://github.com/dynamoose/dynamoose/commit/324c62b4709204955931a187362f8999805b1d8e
msgpack5 5.2.0,CVE-2021-21368,https://github.com/advisories/GHSA-gmjw-49p4-pcfm
iniparserjs 1.0.4,CVE-2021-23328,https://security.snyk.io/vuln/SNYK-JS-INIPARSERJS-1065989 https://github.com/advisories/GHSA-2f6g-w5gj-c93h
nested-object-assign 1.0.3,CVE-2021-23329,https://security.snyk.io/vuln/SNYK-JS-NESTEDOBJECTASSIGN-1065977
swiper 6.5.0,CVE-2021-23370,https://security.snyk.io/vuln/SNYK-JS-SWIPER-1088062 https://github.com/advisories/GHSA-p3hc-fv2j-rp68
set-deep-prop 1.0.0,CVE-2021-23373,https://security.snyk.io/vuln/SNYK-JS-SETDEEPPROP-1083231 
nedb 1.8.0,CVE-2021-23395,https://security.snyk.io/vuln/SNYK-JS-NEDB-1305279
lutils 2.4.0,CVE-2021-23396,https://security.snyk.io/vuln/SNYK-JS-LUTILS-1311023
deepmergefn 1.1.0,CVE-2021-23417,https://security.snyk.io/vuln/SNYK-JS-DEEPMERGEFN-1310984 https://github.com/advisories/GHSA-vj72-mwrj-m2xq
merge-change 1.0.1,CVE-2021-23421,https://github.com/VladimirShestakov/merge-change/blob/9901f145e06158f284f52de42e6ba5b0f702fb65/utils.js#L89-L123 https://security.snyk.io/vuln/SNYK-JS-MERGECHANGE-1310985
mootools 1.5.2,CVE-2021-23432,https://security.snyk.io/vuln/SNYK-JS-MOOTOOLS-1325536 https://github.com/advisories/GHSA-x6hx-7gh3-3q98
algoliasearch-helper 3.6.0,CVE-2021-23433,https://security.snyk.io/vuln/SNYK-JS-ALGOLIASEARCHHELPER-1570421 https://github.com/advisories/GHSA-vpf5-82c8-9v36
object-path 0.11.4,CVE-2021-23434,https://security.snyk.io/vuln/SNYK-JS-OBJECTPATH-1569453 https://github.com/advisories/GHSA-v39p-96qg-c8rf
x-assign 0.1.4,CVE-2021-23452,https://security.snyk.io/vuln/SNYK-JS-XASSIGN-1759314 https://github.com/advisories/GHSA-4mvj-rq4v-2fxw
json-ptr 1.1.0,CVE-2021-23509,https://security.snyk.io/vuln/SNYK-JS-JSONPTR-1577291 https://github.com/advisories/GHSA-8gwj-8hxc-285w
dotty 0.0.1,CVE-2021-23624,https://security.snyk.io/vuln/SNYK-JS-DOTTY-1577292 https://github.com/advisories/GHSA-6g47-63mv-qpgh
merge-deep2 3.0.5,CVE-2021-23700,https://security.snyk.io/vuln/SNYK-JS-MERGEDEEP2-1727593 https://github.com/advisories/GHSA-j28q-p8ww-cp87
object-extend 0.5.0,CVE-2021-23702,https://security.snyk.io/vuln/SNYK-JS-OBJECTEXTEND-2401470
notevil 1.3.3,CVE-2021-23771,https://security.snyk.io/vuln/SNYK-JS-NOTEVIL-2385946
jsonpointer 4.0.0,CVE-2021-23807,https://security.snyk.io/vuln/SNYK-JS-JSONPOINTER-1577288 https://github.com/advisories/GHSA-282f-qqgm-c34q
json-pointer 0.6.1,CVE-2021-23820,https://security.snyk.io/vuln/SNYK-JS-JSONPOINTER-1577287 https://github.com/advisories/GHSA-v5vg-g7rq-363w
json-pointer 0.6.0,CVE-2021-23820,https://security.snyk.io/vuln/SNYK-JS-JSONPOINTER-596925 https://github.com/advisories/GHSA-v5vg-g7rq-363w
dotty 0.1.0,CVE-2021-25912,https://www.mend.io/vulnerability-database/CVE-2021-25912
object-collider 1.0.3,CVE-2021-25914,https://www.mend.io/vulnerability-database/CVE-2021-25914
changeset 0.1.0,CVE-2021-25915,https://security.snyk.io/vuln/SNYK-JS-CHANGESET-1083989 
patchmerge 1.0.1,CVE-2021-25916,https://security.snyk.io/vuln/SNYK-JS-PATCHMERGE-1086585 https://github.com/advisories/GHSA-84g3-cv89-m9gm
patchmerge 1.0.0,CVE-2021-25916,https://security.snyk.io/vuln/SNYK-JS-PATCHMERGE-1086585 https://github.com/advisories/GHSA-84g3-cv89-m9gm
safe-flat 2.0.0,CVE-2021-25927,https://security.snyk.io/vuln/SNYK-JS-SAFEFLAT-1277112 https://github.com/advisories/GHSA-33rv-m2gp-mm2r
flat 5.0.0,CVE-2021-25927,https://security.snyk.io/vuln/SNYK-JS-FLAT-596927 https://github.com/advisories/GHSA-33rv-m2gp-mm2r
safe-obj 1.0.0,CVE-2021-25928,https://security.snyk.io/vuln/SNYK-JS-SAFEOBJ-1277111 https://github.com/advisories/GHSA-wpgh-hmv4-r3v5
deep-override 1.0.1,CVE-2021-25941,https://github.com/ASaiAnudeep/deep-override/commit/2aced17651fb684959a6e04b1465a8329b3d5268
deep-override 1.0.0,CVE-2021-25941,https://security.snyk.io/vuln/SNYK-JS-DEEPOVERRIDE-1292344 https://github.com/advisories/GHSA-v659-54cx-g4qr
101 1.6.3,CVE-2021-25943,https://www.mend.io/vulnerability-database/CVE-2021-25943
deep-defaults 1.0.5,CVE-2021-25944,https://www.whitesourcesoftware.com/vulnerability-database/CVE-2021-25944 
js-extend 0.0.1,CVE-2021-25945,https://security.snyk.io/vuln/SNYK-JS-JSEXTEND-1297101 https://github.com/advisories/GHSA-mh82-55cm-6gfh
expand-hash 1.0.1,CVE-2021-25948,https://security.snyk.io/vuln/SNYK-JS-EXPANDHASH-1303101 https://github.com/advisories/GHSA-x3wr-v4wx-5qpc
set-getter 0.1.0,CVE-2021-25949,https://www.mend.io/vulnerability-database/CVE-2021-25949
mixme 0.5.0,CVE-2021-29491,https://github.com/adaltas/node-mixme/commit/cfd5fbfc32368bcf7e06d1c5985ea60e34cd4028
think-helper 1.1.0,CVE-2021-32736,https://security.snyk.io/vuln/SNYK-JS-THINKHELPER-1315383 https://github.com/advisories/GHSA-vr5m-3h59-7jcp
objection 2.0.0,CVE-2021-3766,https://security.snyk.io/vuln/SNYK-JS-OBJECTION-1582910 https://github.com/advisories/GHSA-r659-8xfp-j327
json-schema 0.3.0,CVE-2021-3918,https://huntr.dev/bounties/bb6ccd63-f505-4e3a-b55f-cd2662c261a9/ https://github.com/advisories/GHSA-896r-f27r-55mw https://security.snyk.io/vuln/SNYK-JS-JSONSCHEMA-1920922
deep.assign 0.0.0-alpha.0,CVE-2021-40663,
dexie 3.2.1,CVE-2022-21189,https://security.snyk.io/vuln/SNYK-JAVA-ORGWEBJARSNPM-2805308
convict 6.2.2,CVE-2022-21190,https://security.snyk.io/vuln/SNYK-JS-CONVICT-2774757
mout-1.2.3,CVE-2022-21213,
deep-get-set 1.1.1,CVE-2022-21231,https://security.snyk.io/vuln/SNYK-JS-DEEPGETSET-2342655
nconf 0.11.3,CVE-2022-21803,https://security.snyk.io/vuln/SNYK-JS-NCONF-2395478
madlib-object-utils 0.1.7,CVE-2022-24279,https://security.snyk.io/vuln/SNYK-JS-MADLIBOBJECTUTILS-2388572
bodymen 1.0.0,CVE-2022-25296,https://security.snyk.io/vuln/SNYK-JS-BODYMEN-2342623
jsgui-lang-essentials 0.4.3,CVE-2022-25301,https://security.snyk.io/vuln/SNYK-JS-JSGUILANGESSENTIALS-2316897
set-in 2.0.1,CVE-2022-25354,https://security.snyk.io/vuln/SNYK-JS-SETIN-2388571
dset 3.1.1,CVE-2022-25645,https://security.snyk.io/vuln/SNYK-JS-DSET-2330881
sds 4.4.0,CVE-2022-25862,https://security.snyk.io/vuln/SNYK-JS-SDS-2385944
querymen 2.1.4,CVE-2022-25871,https://security.snyk.io/vuln/SNYK-JS-QUERYMEN-2391488
protobufjs 6.11.0,CVE-2022-25878,https://security.snyk.io/vuln/SNYK-JS-PROTOBUFJS-2441248
utils-extend 1.0.8,,https://hackerone.com/reports/801522
think-config 1.0.0,,https://github.com/advisories/GHSA-6cj2-92m5-7mvp https://security.snyk.io/vuln/SNYK-JS-THINKCONFIG-1536566
style-dictionary 2.10.2,,https://security.snyk.io/vuln/SNYK-JS-STYLEDICTIONARY-1080632 
smart-extend 1.7.4,,https://hackerone.com/reports/438274
shvl 2.0.1,,https://security.snyk.io/vuln/SNYK-JS-SHVL-1085284 
set-value 3.0.0,,
sds 3.2.0,,https://github.com/418sec/sds/pull/1/commits/71009613b5b50b6bb3a00b6cfbc643fe82f23ca7
sahmat 1.0.1,,
rfc6902 4.0.2,,https://security.snyk.io/vuln/SNYK-JS-RFC6902-1053318 
reggae 0.0.1,,
qs 6.2.2,,
plain-object-merge 1.0.1,,https://security.snyk.io/vuln/SNYK-JS-PLAINOBJECTMERGE-1085643 
objutil 2.17.3,,https://security.snyk.io/vuln/SNYK-JS-OBJUTIL-559496 
objtools 3.0.0,,https://security.snyk.io/vuln/SNYK-JS-OBJTOOLS-674471 
objnest 5.0.0,,https://security.snyk.io/vuln/SNYK-JS-OBJNEST-1041787 
node-dig 1.0.1,,https://security.snyk.io/vuln/SNYK-JS-NODEDIG-1069825 
node.extend 2.0.0,,https://hackerone.com/reports/430831
nestie 1.0.0,,https://security.snyk.io/vuln/SNYK-JS-NESTIE-1300518 https://github.com/advisories/GHSA-m7rg-8wvq-846v
mquery 3.2.1,,https://security.snyk.io/vuln/SNYK-JS-MQUERY-1089718 https://github.com/advisories/GHSA-45q2-34rf-mr94
mpath 0.4.1,,https://hackerone.com/reports/390860
mixin-deep 1.3.0,,https://github.com/jonschlinkert/mixin-deep/commit/8f464c8ce9761a8c9c2b3457eaeee9d404fa7af9
mithril 2.0.1,,https://github.com/MithrilJS/mithril.js/commit/97fa1788c2184ff4b87fd3f558b7003f9eeee2b1
mithril 1.0.0,,https://security.snyk.io/vuln/SNYK-JS-MITHRIL-460113 https://github.com/advisories/GHSA-c3px-v9c7-m734
minimist 1.2.2,,https://snyk.io/vuln/SNYK-JS-MINIMIST-559764
mergify 1.0.2,,https://hackerone.com/reports/439098
merge-recursive 0.0.3,,
merge-options 1.0.0,,
merge-objects 1.0.5,,
merge-deep 3.0.0,,https://hackerone.com/reports/310708
merge 1.2.0,,https://hackerone.com/reports/381194
lutils-merge 0.2.6,,https://hackerone.com/reports/439107
lodash-4.17.11,,https://github.com/lodash/lodash/pull/4336/files
lodash.mergewith 4.6.1,,https://hackerone.com/reports/380873
lodash.mergewith 4.6.0,,
lodash.merge 4.6.0,,
lodash.defaultsdeep 4.6.0,,https://snyk.io/vuln/SNYK-JS-LODASHDEFAULTSDEEP-450198
lodash 4.17.4,,https://github.com/lodash/lodash/commit/d8e069cc3410082e44eb18fcf8e7f3d08ebe1d4a
libnested-1.5.1,,https://security.snyk.io/vuln/SNYK-JS-LIBNESTED-2342117
klona 1.1.0,,
keyd 1.3.4,,https://security.snyk.io/vuln/SNYK-JS-KEYD-674472 
just-extend 3.0.0,,https://hackerone.com/reports/430291
inireader 1.0.0,,https://security.snyk.io/vuln/SNYK-JS-INIREADER-1054843 
ini-parser 0.0.2,,
hoek 5.0.2,,https://snyk.io/vuln/npm:hoek:20180212
get-setter 0.0.0,,
getsetdeep 4.15.0,,https://github.com/advisories/GHSA-8j49-49jq-vwcq 
getsetdeep 4.12.0,,
flat-wrap 1.0.2,,
fast-json-patch 2.0.4,,https://security.snyk.io/vuln/SNYK-JS-FASTJSONPATCH-595663 
extend-merge 1.0.5,,https://security.snyk.io/vuln/SNYK-JS-EXTENDMERGE-609868 
extend 3.0.1,,https://hackerone.com/reports/381185
dot-prop 4.2.0,,https://hackerone.com/reports/719856
defaults-deep 0.2.4,,https://hackerone.com/reports/380878
defaults-deep 0.2.3,,https://hackerone.com/reports/310514
deep-setter 1.0.1,,
deep-extend 0.5.0,,
deap 1.0.0,,https://hackerone.com/reports/310446
convict 6.0.0,,https://security.snyk.io/vuln/SNYK-JS-CONVICT-1062508 
chartkick 3.1.3,,https://github.com/ankane/chartkick.js/issues/117
cached-path-relative 1.0.1,,https://hackerone.com/reports/390847
assign-deep 0.4.8,,https://snyk.io/vuln/SNYK-JS-ASSIGNDEEP-450211
assign-deep 0.4.6,,https://github.com/jonschlinkert/assign-deep/commit/19953a8c089b0328c470acaaaf6accdfcb34da11
angular 1.7.8,,https://github.com/angular/angular.js/pull/16913/files
@hapi/subtext 7.0.2,,
@apollo/gateway 0.6.1,,